Datetime,Water Level (m)
2026-01-05 18:00:00,-0.5620333
2026-01-05 19:00:00,-0.3995137
2026-01-05 20:00:00,-0.11246488
2026-01-05 21:00:00,0.14488308
2026-01-05 22:00:00,0.33397454
2026-01-05 23:00:00,0.39337072
2026-01-06 00:00:00,0.26959544
2026-01-06 01:00:00,0.07219265
2026-01-06 02:00:00,-0.080265075
2026-01-06 03:00:00,-0.19839263
2026-01-06 04:00:00,-0.30233747
2026-01-06 05:00:00,-0.40179434
2026-01-06 06:00:00,-0.49250713
2026-01-06 07:00:00,-0.5407009
2026-01-06 08:00:00,-0.32115898
2026-01-06 09:00:00,-0.06294952
2026-01-06 10:00:00,0.123472475
2026-01-06 11:00:00,0.19959429
2026-01-06 12:00:00,0.11569967
2026-01-06 13:00:00,-0.055543587
2026-01-06 14:00:00,-0.19386688
2026-01-06 15:00:00,-0.30768096
2026-01-06 16:00:00,-0.4043665
2026-01-06 17:00:00,-0.4927187
2026-01-06 18:00:00,-0.57292986
2026-01-06 19:00:00,-0.59257394
2026-01-06 20:00:00,-0.3446787
2026-01-06 21:00:00,-0.06635302
2026-01-06 22:00:00,0.17608646
2026-01-06 23:00:00,0.32339334
2026-01-07 00:00:00,0.31292817
2026-01-07 01:00:00,0.1370368
2026-01-07 02:00:00,-0.038677175
2026-01-07 03:00:00,-0.1720948
2026-01-07 04:00:00,-0.28040212
2026-01-07 05:00:00,-0.3788119
2026-01-07 06:00:00,-0.4703997
2026-01-07 07:00:00,-0.5497157
2026-01-07 08:00:00,-0.5271343
2026-01-07 09:00:00,-0.26446772
2026-01-07 10:00:00,-0.04108475
2026-01-07 11:00:00,0.11633356
2026-01-07 12:00:00,0.16223389
2026-01-07 13:00:00,0.059881326
2026-01-07 14:00:00,-0.10324764
2026-01-07 15:00:00,-0.23239467
2026-01-07 16:00:00,-0.3400378
2026-01-07 17:00:00,-0.43163878
2026-01-07 18:00:00,-0.51466477
2026-01-07 19:00:00,-0.57938147
2026-01-07 20:00:00,-0.48258826
2026-01-07 21:00:00,-0.20794989
2026-01-07 22:00:00,0.03728315
2026-01-07 23:00:00,0.21951418
2026-01-08 00:00:00,0.2881716
2026-01-08 01:00:00,0.19652851
2026-01-08 02:00:00,0.015223367
2026-01-08 03:00:00,-0.13112408
2026-01-08 04:00:00,-0.24682166
2026-01-08 05:00:00,-0.34730586
2026-01-08 06:00:00,-0.4404913
2026-01-08 07:00:00,-0.5252563
2026-01-08 08:00:00,-0.58202004
2026-01-08 09:00:00,-0.44224647
2026-01-08 10:00:00,-0.19691806
2026-01-08 11:00:00,-0.005765645
2026-01-08 12:00:00,0.1122984
2026-01-08 13:00:00,0.11541761
2026-01-08 14:00:00,-0.0105635775
2026-01-08 15:00:00,-0.15830551
2026-01-08 16:00:00,-0.27513057
2026-01-08 17:00:00,-0.37274083
2026-01-08 18:00:00,-0.456674
2026-01-08 19:00:00,-0.52977914
2026-01-08 20:00:00,-0.5550245
2026-01-08 21:00:00,-0.35674793
2026-01-08 22:00:00,-0.124462776
2026-01-08 23:00:00,0.07455175
2026-01-09 00:00:00,0.19488624
2026-01-09 01:00:00,0.19575378
2026-01-09 02:00:00,0.058104333
2026-01-09 03:00:00,-0.09990304
2026-01-09 04:00:00,-0.22425163
2026-01-09 05:00:00,-0.32827127
2026-01-09 06:00:00,-0.41961002
2026-01-09 07:00:00,-0.5030346
2026-01-09 08:00:00,-0.57280225
2026-01-09 09:00:00,-0.55568373
2026-01-09 10:00:00,-0.33594346
2026-01-09 11:00:00,-0.13603748
2026-01-09 12:00:00,0.018953858
2026-01-09 13:00:00,0.09857892
2026-01-09 14:00:00,0.07039249
2026-01-09 15:00:00,-0.06014277
2026-01-09 16:00:00,-0.191966
2026-01-09 17:00:00,-0.29872283
2026-01-09 18:00:00,-0.3872474
2026-01-09 19:00:00,-0.46355835
2026-01-09 20:00:00,-0.51880354
2026-01-09 21:00:00,-0.45899212
2026-01-09 22:00:00,-0.24016866
2026-01-09 23:00:00,-0.05246914
2026-01-10 00:00:00,0.088586435
2026-01-10 01:00:00,0.14047706
2026-01-10 02:00:00,0.071801454
2026-01-10 03:00:00,-0.074091025
2026-01-10 04:00:00,-0.20142263
2026-01-10 05:00:00,-0.3081961
2026-01-10 06:00:00,-0.39950225
2026-01-10 07:00:00,-0.4819926
2026-01-10 08:00:00,-0.5539816
2026-01-10 09:00:00,-0.5954723
2026-01-10 10:00:00,-0.48225993
2026-01-10 11:00:00,-0.28407237
2026-01-10 12:00:00,-0.11752083
2026-01-10 13:00:00,0.0014206955
2026-01-10 14:00:00,0.04746899
2026-01-10 15:00:00,-0.0021983394
2026-01-10 16:00:00,-0.12552772
2026-01-10 17:00:00,-0.240081
2026-01-10 18:00:00,-0.33512673
2026-01-10 19:00:00,-0.41261575
2026-01-10 20:00:00,-0.47593522
2026-01-10 21:00:00,-0.50215375
2026-01-10 22:00:00,-0.38488773
2026-01-10 23:00:00,-0.21057393
2026-01-11 00:00:00,-0.0704067
2026-01-11 01:00:00,0.015511097
2026-01-11 02:00:00,0.015472174
2026-01-11 03:00:00,-0.08445312
2026-01-11 04:00:00,-0.20723146
2026-01-11 05:00:00,-0.31343323
2026-01-11 06:00:00,-0.40588838
2026-01-11 07:00:00,-0.48656538
2026-01-11 08:00:00,-0.5570873
2026-01-11 09:00:00,-0.6132195
2026-01-11 10:00:00,-0.60747004
2026-01-11 11:00:00,-0.45772928
2026-01-11 12:00:00,-0.295734
2026-01-11 13:00:00,-0.15613252
2026-01-11 14:00:00,-0.060412414
2026-01-11 15:00:00,-0.024768665
2026-01-11 16:00:00,-0.06968018
2026-01-11 17:00:00,-0.17821217
2026-01-11 18:00:00,-0.28188083
